Model,Accuracy,Mean absolute error
Linear Regression,0.8073277448418645,0.21017827976428802
Random Forest,0.8875301429227068,0.15875464162243105
Decision Tree,0.8469387025658242,0.18222142011995746
KNN,0.8021984604448553,0.19319716721521116
