Model,RMSE
Default,0.03782836488468863
K-Nearest Neighbors (KNN),0.2538213243514636
Linear Regression,0.07391922859578777
Ridge Regression,0.07164261956784661
Lasso Regression,0.07379346411613597
Decision Tree,0.058923960190709314
Random Forest,0.21186496919716172
